id;anwser;comment;date
1;Gorgeous Granite Fish Markets quantifying;XSS;2020-09-15T15:11:28
2;silver;JSON Money Market Account;2020-09-15T22:57:55
3;installation experiences;web services Bedfordshire;2020-09-16T10:16:22
4;maroon Pound Sterling;GB Lead pink;2020-09-16T01:49:58
5;Delaware Credit Card Account Beauty;Open-source Cambridgeshire bluetooth;2020-09-15T20:50:24
6;RAM;Computer invoice;2020-09-15T19:44:24
7;Multi-lateral;withdrawal Liaison incubate;2020-09-16T05:36:32
8;circuit;neutral Internal;2020-09-16T11:06:54
9;solution-oriented;Wooden Generic;2020-09-16T05:00:13
10;Concrete Ergonomic Metal;digital PNG;2020-09-15T15:38:06
