id;title;content;frequency
1;Avon;hacking;4957
2;online;Hat pricing structure generating;81056
3;Customer ROI parsing;open-source Facilitator Center;2120
4;Alabama Synchronised supply-chains;collaboration matrix generating;858
5;Tasty Fresh Keyboard;Codes specifically reserved for testing purposes integrate;95651
6;Administrator Usability;Valley;99739
7;lime;National cohesive;64462
8;Organic;redefine;57905
9;Walks;Devolved Music;55124
10;uniform e-markets Guatemala;real-time Sleek Zimbabwe Dollar;16778
